cut,cutAccError,cutPoints,difference,elevation,fill,fillAccError,fillPoints
768401.7102283855,8.537962816683472e-09,155.0,768401.7102283855,0.0,0.0,0.0,0.0
441841.752739644,4.909853584568875e-09,145.0,435256.0373988622,4.0,6585.715340781836,2.817451296298572e-12,10.0
187156.25602753408,2.079761290910607e-09,116.0,112437.77199816646,8.0,299594.02802570054,3.1242893194029354e-10,39.0
29582.662003216643,3.2880241228687276e-10,66.0,354560.3744107972,12.0,384143.0364140138,1.247530312025567e-09,89.0
1410.933729400187,1.5716276363779607e-11,24.0,272405.652575765,16.0,273816.58630516514,4.479243636164753e-09,131.0
