cut,cutAccError,difference,elevation,fill,fillAccError
162.72148519585355,2.165989325139301e-11,162.72148519585355,0.0,0.0,0.0
87.72330060764452,2.58707682018062e-11,61.79783481874986,2.0,25.925465788894655,1.0087282287873623e-11
30.884065812123367,3.260835850102201e-11,39.125815558353395,4.0,70.00988137047676,1.769813633979083e-11
