cut,cutAccError,cutPoints,difference,elevation,fill,fillAccError,fillPoints
3316.0952066745554,3.681605250299208e-11,10.0,3316.0952066745554,0.0,0.0,0.0,0.0
855.4084546305177,9.496941617898243e-12,7.0,69090.50929882766,7.5,69945.91775345818,5.967280845568092e-12,3.0
309.62520332280627,3.4375302973322504e-12,4.0,92705.79090908739,9.0,93015.4161124102,1.4358849846273388e-11,6.0
0.0,0.0,2.0,129798.59726948569,10.5,129798.59726948569,2.4794367558634798e-11,8.0
